検索順位,タイトル,URL
1,python.jp: プログラミング言語 Python 総合情報サイト,https://www.python.jp/
2,Welcome to Python.org,https://www.python.org/
3,Python - Wikipedia,https://ja.wikipedia.org/wiki/Python
4,Pythonとは？特徴やできることを初心者向けにわかりやすく解説,https://www.sejuku.net/blog/7720
5,Python入門,https://www.javadrive.jp/python/
6,Python-izm | Python の入門から応用までをサポートする学習 ...,https://www.python-izm.com/
7,Pythonとは？言語の特徴・メリット・活用事例を初心…,https://udemy.benesse.co.jp/development/python-work/python.html
8,Pythonプログラミング入門,https://utokyo-ipp.github.io/
9,Pythonとは？プログラミング言語の概要や用途を徹底解説,https://coeteco.jp/articles/10661
10,Download Python,https://www.python.org/downloads/
11,［Python入門］Pythonってどんな言語なの？ - ITmedia,https://atmarkit.itmedia.co.jp/ait/articles/1904/02/news024.html
12,Pythonとは？初心者向けチュートリアル、開発に役立つ情報,https://qiita.com/tags/python
13,新・Python入門編 | プログラミング学習サイト【paizaラーニング】,https://paiza.jp/works/python/new-primer
14,とほほのPython入門,https://www.tohoho-web.com/python/
15,Pythonの開発環境を用意しよう！（Windows）,https://prog-8.com/docs/python-env-win
16,Pythonとは？大人気プログラミング言語のメリットや活用事例を ...,https://www.internetacademy.jp/it/programming/programming-basic/what-is-python.html
17,【2023 年最新】0 からわかる Python 入門ロードマップ！,https://blog.kikagaku.co.jp/python-roadmap
18,「Python ゼロからはじめるプログラミング」サポートページ,https://mitani.cs.tsukuba.ac.jp/book_support/python/
19,Python 1年生 体験してわかる！会話でまなべる！ ...,https://www.amazon.co.jp/Python-1%E5%B9%B4%E7%94%9F-%E4%BD%93%E9%A8%93%E3%81%97%E3%81%A6%E3%82%8F%E3%81%8B%E3%82%8B%EF%BC%81%E4%BC%9A%E8%A9%B1%E3%81%A7%E3%81%BE%E3%81%AA%E3%81%B9%E3%82%8B%EF%BC%81%E3%83%97%E3%83%AD%E3%82%B0%E3%83%A9%E3%83%9F%E3%83%B3%E3%82%B0%E3%81%AE%E3%81%97%E3%81%8F%E3%81%BF-%E6%A3%AE-%E5%B7%A7%E5%B0%9A/dp/4798153192
20,プログラミング言語のPythonとは？その特徴と活用方法,https://hnavi.co.jp/knowledge/blog/python/
21,「Python」を学んでおけば初心者プログラマーは取りあえずOK,https://news.yahoo.co.jp/articles/225b6e2f6ef69b80201a460a358fa0b585a4ea32
22,Python試験・資格、データ分析試験・資格を運営する一般社団 ...,https://www.pythonic-exam.com/
23,初心者がPythonで作れるもの5選！すぐに作れるものを徹底解説,https://ai-kenkyujo.com/programming/python/python-syoshinsya-tukurerumono/
24,PyQ | Pythonで一歩踏み出すあなたのための、独学 ...,https://pyq.jp/
25,Python（プログラミング）の学習ならオンライン動画授業・講座 ...,https://schoo.jp/class/category/programming/289
26,Python 言語入門,https://www.isc.meiji.ac.jp/~be00085/Python3/index.html
27,Pythonとは？特徴や世の中における活用事例、学習方法 ...,https://www.rd.ntt/se/media/article/0074.html
28,Google App Engine での Python,https://cloud.google.com/appengine/docs/python?hl=ja
29,Pythonのオンライントレーニングコース,https://jp.linkedin.com/learning/topics/python
30,プログラミング言語人気第1位 Pythonでできること5選,https://www.youtube.com/watch?v=2FIAadJEZhk
31,Pythonに関する情報 - nkmk note,https://note.nkmk.me/python/
32,「Python」インタープリター型プログラミング言語,https://forest.watch.impress.co.jp/library/software/python/
33,Python（プログラミング）の学習ならオンライン動画授業・講座 ...,https://schoo.jp/class/category/programming/289
34,Python - 奥村研究室,https://okumuralab.org/~okumura/python/
35,PyCharm：JetBrainsによるプロ開発者向けPython IDE,https://www.jetbrains.com/ja-jp/pycharm/
36,【集合】Python入門 (UJS60L),http://www.knowledgewing.com/cgi-bin/kw/redirect.cgi?c=UJS60L
37,Python学院ーオンラインで学べる,https://www.insource.co.jp/bup/python-gakuin.html
38,Pythonコース,https://techacademy.jp/course/python
39,Pythonプログラミング入門,https://sites.google.com/view/ut-python/
40,Pythonのコース一覧｜CTC教育サービス 研修/トレーニング,https://www.school.ctc-g.co.jp/python/
41,Python（パイソン）とは？人気のプログラミング言語について ...,https://online.dhw.co.jp/kuritama/about-python/
42,初心者向け Python - Training,https://learn.microsoft.com/ja-jp/training/paths/beginner-python/
43,現役シリコンバレーエンジニアが教えるPython 3 入門 + 応用 ...,https://www.udemy.com/course/python-beginner/
44,よくわかるPython入門 | FOM出版,https://www.fom.fujitsu.com/goods/program/python/fpt2210.html
45,Pythonコース,https://www.daily-trial.com/python
46,Pythonエンジニア認定試験 - Odyssey CBT,https://cbt.odyssey-com.co.jp/pythonic-exam/index.html
47,【超入門】Pythonとは？できること・基本をわかりやすく解説,https://www.kagoya.jp/howto/it-glossary/develop/python/
48,Python学習講座,https://www.python.ambitious-engineer.com/
49,Python Tutorial,https://www.w3schools.com/python/
